category_id;nome;dfc_default;nota
FIN_REC_OPER;Recebimento de receita operacional;OPERACIONAL;"DFC final depende do fluxo e da política contábil; não inferir apenas da conta de resultado."
FIN_DEDUCOES;Deduções da receita;OPERACIONAL;"DFC final depende do fluxo e da política contábil; não inferir apenas da conta de resultado."
FIN_CUSTOS;Custos dos serviços/produtos;OPERACIONAL;"DFC final depende do fluxo e da política contábil; não inferir apenas da conta de resultado."
FIN_COMERCIAL;Despesas comerciais;OPERACIONAL;"DFC final depende do fluxo e da política contábil; não inferir apenas da conta de resultado."
FIN_ADMIN;Despesas administrativas;OPERACIONAL;"DFC final depende do fluxo e da política contábil; não inferir apenas da conta de resultado."
FIN_PESSOAL;Pessoal e encargos;OPERACIONAL;"DFC final depende do fluxo e da política contábil; não inferir apenas da conta de resultado."
FIN_OCUPACAO;Ocupação e manutenção;OPERACIONAL;"DFC final depende do fluxo e da política contábil; não inferir apenas da conta de resultado."
FIN_FIN_RESULT;Resultado financeiro;OPERACIONAL;"DFC final depende do fluxo e da política contábil; não inferir apenas da conta de resultado."
FIN_TRIBUTO;Tributos e obrigações fiscais;OPERACIONAL;"DFC final depende do fluxo e da política contábil; não inferir apenas da conta de resultado."
FIN_ESTOQUE;Aquisição de estoque;OPERACIONAL;"DFC final depende do fluxo e da política contábil; não inferir apenas da conta de resultado."
FIN_CAPEX;Aquisição de imobilizado/intangível;INVESTIMENTO;"DFC final depende do fluxo e da política contábil; não inferir apenas da conta de resultado."
FIN_APLIC_FIN;Aplicações financeiras e resgates;CLASSIFICAR_OPERACAO;"DFC final depende do fluxo e da política contábil; não inferir apenas da conta de resultado."
FIN_EMPRESTIMO;Captação e amortização do principal;FINANCIAMENTO;"DFC final depende do fluxo e da política contábil; não inferir apenas da conta de resultado."
FIN_CAPITAL;Aportes e distribuições;FINANCIAMENTO;"DFC final depende do fluxo e da política contábil; não inferir apenas da conta de resultado."
FIN_TRANSFER;Transferência entre contas próprias;INTERNA_EXCLUIR_DFC;"DFC final depende do fluxo e da política contábil; não inferir apenas da conta de resultado."
FIN_AJUSTE;Ajuste conciliatório com documento;REVISAR;"DFC final depende do fluxo e da política contábil; não inferir apenas da conta de resultado."
FIN_ADIANTAMENTO;Adiantamentos e diferimentos;CONFORME_EVENTO;"DFC final depende do fluxo e da política contábil; não inferir apenas da conta de resultado."
FIN_OUTROS;Outros eventos identificados;CONFORME_EVENTO;"DFC final depende do fluxo e da política contábil; não inferir apenas da conta de resultado."
