linha_id;relatorio;descricao;ordem;formula_ou_regra
BP_AC_DISPONIBILIDADES;BP;Ativo circulante / Disponibilidades;1;"Somar saldos das CONTAS ANALITICAS com essa linha_id; normalizar natureza, inclusive redutoras."
BP_AC_RECEBIVEIS;BP;Ativo circulante / Recebíveis;2;"Somar saldos das CONTAS ANALITICAS com essa linha_id; normalizar natureza, inclusive redutoras."
BP_AC_ESTOQUES;BP;Ativo circulante / Estoques;3;"Somar saldos das CONTAS ANALITICAS com essa linha_id; normalizar natureza, inclusive redutoras."
BP_AC_TRIBUTOS_RECUPERAR;BP;Ativo circulante / Tributos a recuperar;4;"Somar saldos das CONTAS ANALITICAS com essa linha_id; normalizar natureza, inclusive redutoras."
BP_AC_ADIANTAMENTOS;BP;Ativo circulante / Outros créditos;5;"Somar saldos das CONTAS ANALITICAS com essa linha_id; normalizar natureza, inclusive redutoras."
BP_ANC_RLP;BP;Ativo não circulante / Realizável a longo prazo;6;"Somar saldos das CONTAS ANALITICAS com essa linha_id; normalizar natureza, inclusive redutoras."
BP_ANC_INVESTIMENTOS;BP;Ativo não circulante / Investimentos;7;"Somar saldos das CONTAS ANALITICAS com essa linha_id; normalizar natureza, inclusive redutoras."
BP_ANC_IMOBILIZADO;BP;Ativo não circulante / Imobilizado;8;"Somar saldos das CONTAS ANALITICAS com essa linha_id; normalizar natureza, inclusive redutoras."
BP_ANC_INTANGIVEL;BP;Ativo não circulante / Intangível;9;"Somar saldos das CONTAS ANALITICAS com essa linha_id; normalizar natureza, inclusive redutoras."
BP_PC_FORNECEDORES;BP;Passivo circulante / Fornecedores;10;"Somar saldos das CONTAS ANALITICAS com essa linha_id; normalizar natureza, inclusive redutoras."
BP_PC_TRABALHISTA;BP;Passivo circulante / Obrigações trabalhistas;11;"Somar saldos das CONTAS ANALITICAS com essa linha_id; normalizar natureza, inclusive redutoras."
BP_PC_TRIBUTOS;BP;Passivo circulante / Obrigações tributárias;12;"Somar saldos das CONTAS ANALITICAS com essa linha_id; normalizar natureza, inclusive redutoras."
BP_PC_FINANCIAMENTOS;BP;Passivo circulante / Financiamentos;13;"Somar saldos das CONTAS ANALITICAS com essa linha_id; normalizar natureza, inclusive redutoras."
BP_PC_OUTRAS_OBRIGACOES;BP;Passivo circulante / Outras obrigações;14;"Somar saldos das CONTAS ANALITICAS com essa linha_id; normalizar natureza, inclusive redutoras."
BP_PNC;BP;Passivo não circulante;15;"Somar saldos das CONTAS ANALITICAS com essa linha_id; normalizar natureza, inclusive redutoras."
BP_PL_CAPITAL;BP;Patrimônio líquido / Capital;16;"Somar saldos das CONTAS ANALITICAS com essa linha_id; normalizar natureza, inclusive redutoras."
BP_PL_RESERVAS;BP;Patrimônio líquido / Reservas;17;"Somar saldos das CONTAS ANALITICAS com essa linha_id; normalizar natureza, inclusive redutoras."
BP_PL_RESULTADOS;BP;Patrimônio líquido / Resultados;18;"Somar saldos das CONTAS ANALITICAS com essa linha_id; normalizar natureza, inclusive redutoras."
DRE_RECEITA_BRUTA;DRE;Receita bruta;1;"Somar saldos das CONTAS ANALITICAS com essa linha_id; normalizar natureza, inclusive redutoras."
DRE_DEDUCOES;DRE;(-) Deduções da receita;2;"Somar saldos das CONTAS ANALITICAS com essa linha_id; normalizar natureza, inclusive redutoras."
DRE_CUSTOS;DRE;(-) Custo dos bens/serviços;3;"Somar saldos das CONTAS ANALITICAS com essa linha_id; normalizar natureza, inclusive redutoras."
DRE_DESP_COMERCIAIS;DRE;(-) Despesas comerciais;4;"Somar saldos das CONTAS ANALITICAS com essa linha_id; normalizar natureza, inclusive redutoras."
DRE_DESP_ADMIN;DRE;(-) Despesas administrativas;5;"Somar saldos das CONTAS ANALITICAS com essa linha_id; normalizar natureza, inclusive redutoras."
DRE_DESP_PESSOAL;DRE;(-) Pessoal administrativo;6;"Somar saldos das CONTAS ANALITICAS com essa linha_id; normalizar natureza, inclusive redutoras."
DRE_DESP_OCUPACAO;DRE;(-) Ocupação e manutenção administrativa;7;"Somar saldos das CONTAS ANALITICAS com essa linha_id; normalizar natureza, inclusive redutoras."
DRE_OUTRAS_DESP_OP;DRE;(-) Outras despesas operacionais;8;"Somar saldos das CONTAS ANALITICAS com essa linha_id; normalizar natureza, inclusive redutoras."
DRE_DEPR_AMORT;DRE;(-) Depreciação/amortização administrativa;9;"Somar saldos das CONTAS ANALITICAS com essa linha_id; normalizar natureza, inclusive redutoras."
DRE_RECEITAS_FIN;DRE;(+) Receitas financeiras;10;"Somar saldos das CONTAS ANALITICAS com essa linha_id; normalizar natureza, inclusive redutoras."
DRE_DESP_FIN;DRE;(-) Despesas financeiras;11;"Somar saldos das CONTAS ANALITICAS com essa linha_id; normalizar natureza, inclusive redutoras."
DRE_OUTRAS_RECEITAS;DRE;(+) Outros ganhos;12;"Somar saldos das CONTAS ANALITICAS com essa linha_id; normalizar natureza, inclusive redutoras."
DRE_OUTRAS_DESPESAS;DRE;(-) Outras perdas;13;"Somar saldos das CONTAS ANALITICAS com essa linha_id; normalizar natureza, inclusive redutoras."
DRE_TRIBUTOS_LUCRO;DRE;(-) Tributos sobre lucro;14;"Somar saldos das CONTAS ANALITICAS com essa linha_id; normalizar natureza, inclusive redutoras."
